donor_name,email,street_address,phone,gift_amount,gift_date,campaign_code,donor_type,sustainer,premium
"SAMPLE, Not-A-Real-Donor-001",not-a-real-donor-1@example.invalid,"5854 Example St, Anytown WI 53206",555-0103,100,2026-03-02,SPRING26-PM,renewing,no,tickets
"SAMPLE, Not-A-Real-Donor-002",not-a-real-donor-2@example.invalid,"8909 Example St, Anytown WI 53202",555-0127,10,2026-03-04,SPRING26-PM,renewing,no,none
"SAMPLE, Not-A-Real-Donor-003",not-a-real-donor-3@example.invalid,"345 Example St, Anytown WI 53206",555-0198,10,2026-03-07,SPRING26-MAIL,lapsed-reactivated,no,mug
"SAMPLE, Not-A-Real-Donor-004",not-a-real-donor-4@example.invalid,"6632 Example St, Anytown WI 53201",555-0177,150,2026-03-06,SPRING26-AM,new,no,none
"SAMPLE, Not-A-Real-Donor-005",not-a-real-donor-5@example.invalid,"7147 Example St, Anytown WI 53202",555-0131,120,2026-03-06,SPRING26-MAIL,renewing,no,tickets
"SAMPLE, Not-A-Real-Donor-006",not-a-real-donor-6@example.invalid,"4496 Example St, Anytown WI 53207",555-0137,40,2026-03-04,SPRING26-WEB,renewing,no,mug
"SAMPLE, Not-A-Real-Donor-007",not-a-real-donor-7@example.invalid,"4747 Example St, Anytown WI 53203",555-0100,50,2026-03-05,SPRING26-PM,new,no,tickets
"SAMPLE, Not-A-Real-Donor-008",not-a-real-donor-8@example.invalid,"387 Example St, Anytown WI 53205",555-0121,120,2026-03-06,SPRING26-AM,renewing,no,tickets
"SAMPLE, Not-A-Real-Donor-009",not-a-real-donor-9@example.invalid,"7384 Example St, Anytown WI 53204",555-0185,25,2026-03-06,SPRING26-AM,renewing,no,none
"SAMPLE, Not-A-Real-Donor-010",not-a-real-donor-10@example.invalid,"9572 Example St, Anytown WI 53209",555-0145,20,2026-03-02,SPRING26-PM,renewing,no,none
"SAMPLE, Not-A-Real-Donor-011",not-a-real-donor-11@example.invalid,"1432 Example St, Anytown WI 53207",555-0109,60,2026-03-03,SPRING26-AM,renewing,yes,tote
"SAMPLE, Not-A-Real-Donor-012",not-a-real-donor-12@example.invalid,"3134 Example St, Anytown WI 53208",555-0182,75,2026-03-05,SPRING26-AM,renewing,no,tote
"SAMPLE, Not-A-Real-Donor-013",not-a-real-donor-13@example.invalid,"4054 Example St, Anytown WI 53201",555-0150,500,2026-03-06,SPRING26-WEB,renewing,yes,mug
"SAMPLE, Not-A-Real-Donor-014",not-a-real-donor-14@example.invalid,"5737 Example St, Anytown WI 53207",555-0184,40,2026-03-04,SPRING26-PM,renewing,no,tickets
"SAMPLE, Not-A-Real-Donor-015",not-a-real-donor-15@example.invalid,"3450 Example St, Anytown WI 53206",555-0146,25,2026-03-02,SPRING26-WEB,renewing,yes,tote
"SAMPLE, Not-A-Real-Donor-016",not-a-real-donor-16@example.invalid,"8275 Example St, Anytown WI 53205",555-0194,250,2026-03-07,SPRING26-WEB,lapsed-reactivated,no,none
"SAMPLE, Not-A-Real-Donor-017",not-a-real-donor-17@example.invalid,"5197 Example St, Anytown WI 53201",555-0134,500,2026-03-06,SPRING26-WEB,renewing,no,none
"SAMPLE, Not-A-Real-Donor-018",not-a-real-donor-18@example.invalid,"9109 Example St, Anytown WI 53206",555-0118,150,2026-03-02,SPRING26-AM,new,yes,none
"SAMPLE, Not-A-Real-Donor-019",not-a-real-donor-19@example.invalid,"3972 Example St, Anytown WI 53201",555-0101,25,2026-03-02,SPRING26-WEB,lapsed-reactivated,yes,none
"SAMPLE, Not-A-Real-Donor-020",not-a-real-donor-20@example.invalid,"1302 Example St, Anytown WI 53205",555-0127,50,2026-03-01,SPRING26-AM,renewing,no,tote
"SAMPLE, Not-A-Real-Donor-021",not-a-real-donor-21@example.invalid,"1408 Example St, Anytown WI 53200",555-0120,20,2026-03-03,SPRING26-AM,renewing,yes,tickets
"SAMPLE, Not-A-Real-Donor-022",not-a-real-donor-22@example.invalid,"6156 Example St, Anytown WI 53200",555-0129,25,2026-03-01,SPRING26-PM,renewing,yes,mug
"SAMPLE, Not-A-Real-Donor-023",not-a-real-donor-23@example.invalid,"2314 Example St, Anytown WI 53203",555-0188,75,2026-03-05,SPRING26-AM,renewing,yes,mug
"SAMPLE, Not-A-Real-Donor-024",not-a-real-donor-24@example.invalid,"8506 Example St, Anytown WI 53209",555-0130,150,2026-03-01,SPRING26-AM,renewing,no,none
"SAMPLE, Not-A-Real-Donor-025",not-a-real-donor-25@example.invalid,"943 Example St, Anytown WI 53204",555-0181,20,2026-03-04,SPRING26-AM,renewing,no,tickets
"SAMPLE, Not-A-Real-Donor-026",not-a-real-donor-26@example.invalid,"1796 Example St, Anytown WI 53202",555-0120,20,2026-03-03,SPRING26-AM,renewing,no,none
"SAMPLE, Not-A-Real-Donor-027",not-a-real-donor-27@example.invalid,"3684 Example St, Anytown WI 53209",555-0114,1000,2026-03-06,SPRING26-WEB,lapsed-reactivated,yes,none
"SAMPLE, Not-A-Real-Donor-028",not-a-real-donor-28@example.invalid,"2066 Example St, Anytown WI 53208",555-0176,25,2026-03-06,SPRING26-PM,renewing,no,none
"SAMPLE, Not-A-Real-Donor-029",not-a-real-donor-29@example.invalid,"7731 Example St, Anytown WI 53200",555-0113,75,2026-03-07,SPRING26-AM,new,no,none
"SAMPLE, Not-A-Real-Donor-030",not-a-real-donor-30@example.invalid,"5785 Example St, Anytown WI 53207",555-0144,100,2026-03-02,SPRING26-PM,renewing,yes,tote
"SAMPLE, Not-A-Real-Donor-031",not-a-real-donor-31@example.invalid,"5355 Example St, Anytown WI 53202",555-0122,75,2026-03-04,SPRING26-MAIL,renewing,yes,tote
"SAMPLE, Not-A-Real-Donor-032",not-a-real-donor-32@example.invalid,"1759 Example St, Anytown WI 53200",555-0172,20,2026-03-05,SPRING26-PM,renewing,yes,tickets
"SAMPLE, Not-A-Real-Donor-033",not-a-real-donor-33@example.invalid,"3716 Example St, Anytown WI 53206",555-0197,150,2026-03-02,SPRING26-WEB,lapsed-reactivated,yes,none
"SAMPLE, Not-A-Real-Donor-034",not-a-real-donor-34@example.invalid,"6525 Example St, Anytown WI 53200",555-0136,15,2026-03-01,SPRING26-MAIL,new,no,mug
"SAMPLE, Not-A-Real-Donor-035",not-a-real-donor-35@example.invalid,"7043 Example St, Anytown WI 53207",555-0162,40,2026-03-05,SPRING26-PM,new,no,none
"SAMPLE, Not-A-Real-Donor-036",not-a-real-donor-36@example.invalid,"2029 Example St, Anytown WI 53201",555-0158,15,2026-03-03,SPRING26-MAIL,lapsed-reactivated,no,tickets
"SAMPLE, Not-A-Real-Donor-037",not-a-real-donor-37@example.invalid,"4487 Example St, Anytown WI 53208",555-0198,100,2026-03-04,SPRING26-MAIL,renewing,yes,tote
"SAMPLE, Not-A-Real-Donor-038",not-a-real-donor-38@example.invalid,"7548 Example St, Anytown WI 53201",555-0164,100,2026-03-01,SPRING26-WEB,renewing,no,none
"SAMPLE, Not-A-Real-Donor-039",not-a-real-donor-39@example.invalid,"4642 Example St, Anytown WI 53202",555-0131,50,2026-03-06,SPRING26-MAIL,renewing,no,tote
"SAMPLE, Not-A-Real-Donor-040",not-a-real-donor-40@example.invalid,"734 Example St, Anytown WI 53209",555-0159,60,2026-03-06,SPRING26-AM,lapsed-reactivated,yes,mug
"SAMPLE, Not-A-Real-Donor-041",not-a-real-donor-41@example.invalid,"1546 Example St, Anytown WI 53204",555-0162,120,2026-03-06,SPRING26-AM,renewing,yes,mug
"SAMPLE, Not-A-Real-Donor-042",not-a-real-donor-42@example.invalid,"7916 Example St, Anytown WI 53207",555-0150,250,2026-03-01,SPRING26-PM,renewing,no,none
"SAMPLE, Not-A-Real-Donor-043",not-a-real-donor-43@example.invalid,"8893 Example St, Anytown WI 53203",555-0180,250,2026-03-03,SPRING26-WEB,new,yes,mug
"SAMPLE, Not-A-Real-Donor-044",not-a-real-donor-44@example.invalid,"2090 Example St, Anytown WI 53207",555-0102,60,2026-03-01,SPRING26-WEB,renewing,no,none
"SAMPLE, Not-A-Real-Donor-045",not-a-real-donor-45@example.invalid,"5195 Example St, Anytown WI 53205",555-0102,500,2026-03-02,SPRING26-PM,renewing,yes,tickets
"SAMPLE, Not-A-Real-Donor-046",not-a-real-donor-46@example.invalid,"3215 Example St, Anytown WI 53205",555-0180,40,2026-03-02,SPRING26-MAIL,renewing,yes,mug
"SAMPLE, Not-A-Real-Donor-047",not-a-real-donor-47@example.invalid,"3622 Example St, Anytown WI 53203",555-0138,150,2026-03-01,SPRING26-WEB,new,no,tickets
"SAMPLE, Not-A-Real-Donor-048",not-a-real-donor-48@example.invalid,"1756 Example St, Anytown WI 53204",555-0175,1000,2026-03-07,SPRING26-WEB,lapsed-reactivated,no,none
"SAMPLE, Not-A-Real-Donor-049",not-a-real-donor-49@example.invalid,"4653 Example St, Anytown WI 53203",555-0102,20,2026-03-01,SPRING26-WEB,renewing,yes,mug
"SAMPLE, Not-A-Real-Donor-050",not-a-real-donor-50@example.invalid,"2595 Example St, Anytown WI 53209",555-0123,20,2026-03-03,SPRING26-PM,renewing,no,none
"SAMPLE, Not-A-Real-Donor-051",not-a-real-donor-51@example.invalid,"8189 Example St, Anytown WI 53209",555-0186,20,2026-03-07,SPRING26-WEB,new,yes,tickets
"SAMPLE, Not-A-Real-Donor-052",not-a-real-donor-52@example.invalid,"6794 Example St, Anytown WI 53201",555-0144,20,2026-03-07,SPRING26-WEB,new,no,tote
"SAMPLE, Not-A-Real-Donor-053",not-a-real-donor-53@example.invalid,"9831 Example St, Anytown WI 53206",555-0184,15,2026-03-07,SPRING26-MAIL,renewing,yes,mug
"SAMPLE, Not-A-Real-Donor-054",not-a-real-donor-54@example.invalid,"347 Example St, Anytown WI 53200",555-0141,60,2026-03-07,SPRING26-WEB,renewing,no,tote
"SAMPLE, Not-A-Real-Donor-055",not-a-real-donor-55@example.invalid,"1733 Example St, Anytown WI 53200",555-0179,150,2026-03-06,SPRING26-MAIL,renewing,no,none
"SAMPLE, Not-A-Real-Donor-056",not-a-real-donor-56@example.invalid,"1262 Example St, Anytown WI 53202",555-0149,50,2026-03-01,SPRING26-AM,renewing,no,tickets
"SAMPLE, Not-A-Real-Donor-057",not-a-real-donor-57@example.invalid,"4626 Example St, Anytown WI 53207",555-0158,20,2026-03-07,SPRING26-WEB,new,no,mug
"SAMPLE, Not-A-Real-Donor-058",not-a-real-donor-58@example.invalid,"9303 Example St, Anytown WI 53202",555-0124,10,2026-03-02,SPRING26-WEB,new,no,none
"SAMPLE, Not-A-Real-Donor-059",not-a-real-donor-59@example.invalid,"1209 Example St, Anytown WI 53203",555-0113,10,2026-03-02,SPRING26-WEB,renewing,no,tickets
"SAMPLE, Not-A-Real-Donor-060",not-a-real-donor-60@example.invalid,"2080 Example St, Anytown WI 53200",555-0109,50,2026-03-05,SPRING26-MAIL,renewing,no,none
"SAMPLE, Not-A-Real-Donor-061",not-a-real-donor-61@example.invalid,"289 Example St, Anytown WI 53205",555-0104,100,2026-03-03,SPRING26-WEB,renewing,no,tickets
"SAMPLE, Not-A-Real-Donor-062",not-a-real-donor-62@example.invalid,"8263 Example St, Anytown WI 53207",555-0119,15,2026-03-06,SPRING26-WEB,renewing,no,mug
"SAMPLE, Not-A-Real-Donor-063",not-a-real-donor-63@example.invalid,"8762 Example St, Anytown WI 53204",555-0179,250,2026-03-03,SPRING26-PM,new,no,none
"SAMPLE, Not-A-Real-Donor-064",not-a-real-donor-64@example.invalid,"1185 Example St, Anytown WI 53200",555-0121,250,2026-03-03,SPRING26-MAIL,renewing,yes,none
"SAMPLE, Not-A-Real-Donor-065",not-a-real-donor-65@example.invalid,"4398 Example St, Anytown WI 53204",555-0166,25,2026-03-01,SPRING26-PM,renewing,no,none
"SAMPLE, Not-A-Real-Donor-066",not-a-real-donor-66@example.invalid,"3110 Example St, Anytown WI 53207",555-0116,25,2026-03-05,SPRING26-PM,renewing,yes,none
"SAMPLE, Not-A-Real-Donor-067",not-a-real-donor-67@example.invalid,"1444 Example St, Anytown WI 53200",555-0181,150,2026-03-02,SPRING26-PM,renewing,no,none
"SAMPLE, Not-A-Real-Donor-068",not-a-real-donor-68@example.invalid,"2319 Example St, Anytown WI 53209",555-0178,20,2026-03-02,SPRING26-WEB,renewing,yes,mug
"SAMPLE, Not-A-Real-Donor-069",not-a-real-donor-69@example.invalid,"1704 Example St, Anytown WI 53201",555-0142,120,2026-03-03,SPRING26-PM,renewing,yes,none
"SAMPLE, Not-A-Real-Donor-070",not-a-real-donor-70@example.invalid,"8739 Example St, Anytown WI 53203",555-0186,1000,2026-03-07,SPRING26-WEB,renewing,no,mug
"SAMPLE, Not-A-Real-Donor-071",not-a-real-donor-71@example.invalid,"8835 Example St, Anytown WI 53206",555-0176,250,2026-03-05,SPRING26-WEB,renewing,yes,none
"SAMPLE, Not-A-Real-Donor-072",not-a-real-donor-72@example.invalid,"2083 Example St, Anytown WI 53205",555-0190,50,2026-03-07,SPRING26-AM,renewing,yes,none
"SAMPLE, Not-A-Real-Donor-073",not-a-real-donor-73@example.invalid,"4060 Example St, Anytown WI 53203",555-0108,75,2026-03-04,SPRING26-MAIL,lapsed-reactivated,no,mug
"SAMPLE, Not-A-Real-Donor-074",not-a-real-donor-74@example.invalid,"350 Example St, Anytown WI 53204",555-0148,60,2026-03-05,SPRING26-WEB,new,yes,none
"SAMPLE, Not-A-Real-Donor-075",not-a-real-donor-75@example.invalid,"6316 Example St, Anytown WI 53200",555-0156,500,2026-03-03,SPRING26-WEB,lapsed-reactivated,yes,mug
"SAMPLE, Not-A-Real-Donor-076",not-a-real-donor-76@example.invalid,"4187 Example St, Anytown WI 53203",555-0171,20,2026-03-03,SPRING26-PM,renewing,no,tote
"SAMPLE, Not-A-Real-Donor-077",not-a-real-donor-77@example.invalid,"3113 Example St, Anytown WI 53203",555-0171,150,2026-03-05,SPRING26-PM,renewing,no,none
"SAMPLE, Not-A-Real-Donor-078",not-a-real-donor-78@example.invalid,"1202 Example St, Anytown WI 53200",555-0198,250,2026-03-07,SPRING26-AM,renewing,no,tickets
"SAMPLE, Not-A-Real-Donor-079",not-a-real-donor-79@example.invalid,"9920 Example St, Anytown WI 53200",555-0103,150,2026-03-02,SPRING26-AM,new,no,none
"SAMPLE, Not-A-Real-Donor-080",not-a-real-donor-80@example.invalid,"8179 Example St, Anytown WI 53206",555-0132,500,2026-03-05,SPRING26-MAIL,new,yes,mug
"SAMPLE, Not-A-Real-Donor-081",not-a-real-donor-81@example.invalid,"3554 Example St, Anytown WI 53202",555-0153,120,2026-03-06,SPRING26-WEB,renewing,yes,tickets
"SAMPLE, Not-A-Real-Donor-082",not-a-real-donor-82@example.invalid,"4031 Example St, Anytown WI 53205",555-0182,10,2026-03-02,SPRING26-PM,renewing,no,tickets
"SAMPLE, Not-A-Real-Donor-083",not-a-real-donor-83@example.invalid,"8494 Example St, Anytown WI 53202",555-0142,20,2026-03-05,SPRING26-MAIL,renewing,no,mug
"SAMPLE, Not-A-Real-Donor-084",not-a-real-donor-84@example.invalid,"9989 Example St, Anytown WI 53203",555-0181,100,2026-03-06,SPRING26-AM,renewing,yes,none
"SAMPLE, Not-A-Real-Donor-085",not-a-real-donor-85@example.invalid,"1254 Example St, Anytown WI 53204",555-0138,15,2026-03-06,SPRING26-PM,renewing,yes,mug
"SAMPLE, Not-A-Real-Donor-086",not-a-real-donor-86@example.invalid,"2551 Example St, Anytown WI 53207",555-0132,20,2026-03-05,SPRING26-WEB,renewing,no,none
"SAMPLE, Not-A-Real-Donor-087",not-a-real-donor-87@example.invalid,"6274 Example St, Anytown WI 53209",555-0101,50,2026-03-05,SPRING26-MAIL,renewing,yes,tote
"SAMPLE, Not-A-Real-Donor-088",not-a-real-donor-88@example.invalid,"9842 Example St, Anytown WI 53203",555-0173,250,2026-03-01,SPRING26-MAIL,lapsed-reactivated,yes,none
"SAMPLE, Not-A-Real-Donor-089",not-a-real-donor-89@example.invalid,"3563 Example St, Anytown WI 53202",555-0177,15,2026-03-05,SPRING26-AM,renewing,yes,tote
"SAMPLE, Not-A-Real-Donor-090",not-a-real-donor-90@example.invalid,"5419 Example St, Anytown WI 53209",555-0137,75,2026-03-03,SPRING26-MAIL,renewing,no,mug
"SAMPLE, Not-A-Real-Donor-091",not-a-real-donor-91@example.invalid,"7061 Example St, Anytown WI 53206",555-0109,250,2026-03-03,SPRING26-PM,lapsed-reactivated,no,tote
"SAMPLE, Not-A-Real-Donor-092",not-a-real-donor-92@example.invalid,"1873 Example St, Anytown WI 53202",555-0197,40,2026-03-03,SPRING26-AM,renewing,yes,tickets
"SAMPLE, Not-A-Real-Donor-093",not-a-real-donor-93@example.invalid,"3528 Example St, Anytown WI 53204",555-0188,120,2026-03-02,SPRING26-PM,lapsed-reactivated,no,tote
"SAMPLE, Not-A-Real-Donor-094",not-a-real-donor-94@example.invalid,"5321 Example St, Anytown WI 53208",555-0126,500,2026-03-02,SPRING26-WEB,renewing,yes,none
"SAMPLE, Not-A-Real-Donor-095",not-a-real-donor-95@example.invalid,"9311 Example St, Anytown WI 53205",555-0113,75,2026-03-01,SPRING26-PM,renewing,no,tote
"SAMPLE, Not-A-Real-Donor-096",not-a-real-donor-96@example.invalid,"8519 Example St, Anytown WI 53200",555-0135,100,2026-03-06,SPRING26-WEB,new,yes,none
"SAMPLE, Not-A-Real-Donor-097",not-a-real-donor-97@example.invalid,"4861 Example St, Anytown WI 53200",555-0138,15,2026-03-06,SPRING26-PM,new,no,none
"SAMPLE, Not-A-Real-Donor-098",not-a-real-donor-98@example.invalid,"9337 Example St, Anytown WI 53203",555-0166,40,2026-03-04,SPRING26-PM,renewing,no,mug
"SAMPLE, Not-A-Real-Donor-099",not-a-real-donor-99@example.invalid,"1679 Example St, Anytown WI 53209",555-0118,40,2026-03-02,SPRING26-PM,renewing,yes,tickets
"SAMPLE, Not-A-Real-Donor-100",not-a-real-donor-100@example.invalid,"7974 Example St, Anytown WI 53200",555-0133,20,2026-03-03,SPRING26-MAIL,lapsed-reactivated,no,none
"SAMPLE, Not-A-Real-Donor-101",not-a-real-donor-101@example.invalid,"5503 Example St, Anytown WI 53209",555-0172,500,2026-03-02,SPRING26-WEB,renewing,no,tote
"SAMPLE, Not-A-Real-Donor-102",not-a-real-donor-102@example.invalid,"3011 Example St, Anytown WI 53204",555-0121,500,2026-03-05,SPRING26-PM,new,no,mug
"SAMPLE, Not-A-Real-Donor-103",not-a-real-donor-103@example.invalid,"5695 Example St, Anytown WI 53207",555-0130,500,2026-03-02,SPRING26-WEB,renewing,yes,none
"SAMPLE, Not-A-Real-Donor-104",not-a-real-donor-104@example.invalid,"5302 Example St, Anytown WI 53201",555-0108,25,2026-03-06,SPRING26-AM,renewing,yes,mug
"SAMPLE, Not-A-Real-Donor-105",not-a-real-donor-105@example.invalid,"8773 Example St, Anytown WI 53202",555-0100,75,2026-03-01,SPRING26-WEB,renewing,no,tickets
"SAMPLE, Not-A-Real-Donor-106",not-a-real-donor-106@example.invalid,"4468 Example St, Anytown WI 53203",555-0181,100,2026-03-01,SPRING26-PM,renewing,no,none
"SAMPLE, Not-A-Real-Donor-107",not-a-real-donor-107@example.invalid,"8603 Example St, Anytown WI 53203",555-0119,1000,2026-03-02,SPRING26-WEB,renewing,no,none
"SAMPLE, Not-A-Real-Donor-108",not-a-real-donor-108@example.invalid,"3622 Example St, Anytown WI 53201",555-0159,20,2026-03-04,SPRING26-AM,renewing,no,none
"SAMPLE, Not-A-Real-Donor-109",not-a-real-donor-109@example.invalid,"9230 Example St, Anytown WI 53202",555-0185,1000,2026-03-02,SPRING26-WEB,renewing,no,mug
"SAMPLE, Not-A-Real-Donor-110",not-a-real-donor-110@example.invalid,"3430 Example St, Anytown WI 53209",555-0186,100,2026-03-05,SPRING26-AM,renewing,yes,none
"SAMPLE, Not-A-Real-Donor-111",not-a-real-donor-111@example.invalid,"3553 Example St, Anytown WI 53201",555-0194,25,2026-03-05,SPRING26-MAIL,renewing,no,none
"SAMPLE, Not-A-Real-Donor-112",not-a-real-donor-112@example.invalid,"6216 Example St, Anytown WI 53202",555-0143,40,2026-03-06,SPRING26-WEB,renewing,yes,tote
"SAMPLE, Not-A-Real-Donor-113",not-a-real-donor-113@example.invalid,"1581 Example St, Anytown WI 53202",555-0153,20,2026-03-05,SPRING26-PM,renewing,yes,tote
"SAMPLE, Not-A-Real-Donor-114",not-a-real-donor-114@example.invalid,"4326 Example St, Anytown WI 53209",555-0111,15,2026-03-02,SPRING26-WEB,renewing,no,none
"SAMPLE, Not-A-Real-Donor-115",not-a-real-donor-115@example.invalid,"1582 Example St, Anytown WI 53208",555-0133,500,2026-03-07,SPRING26-MAIL,renewing,yes,none
"SAMPLE, Not-A-Real-Donor-116",not-a-real-donor-116@example.invalid,"7065 Example St, Anytown WI 53204",555-0116,20,2026-03-06,SPRING26-PM,lapsed-reactivated,no,none
"SAMPLE, Not-A-Real-Donor-117",not-a-real-donor-117@example.invalid,"836 Example St, Anytown WI 53200",555-0135,15,2026-03-01,SPRING26-WEB,lapsed-reactivated,no,none
"SAMPLE, Not-A-Real-Donor-118",not-a-real-donor-118@example.invalid,"2515 Example St, Anytown WI 53203",555-0149,150,2026-03-04,SPRING26-MAIL,new,no,tote
"SAMPLE, Not-A-Real-Donor-119",not-a-real-donor-119@example.invalid,"370 Example St, Anytown WI 53200",555-0199,250,2026-03-02,SPRING26-AM,lapsed-reactivated,no,none
"SAMPLE, Not-A-Real-Donor-120",not-a-real-donor-120@example.invalid,"4921 Example St, Anytown WI 53209",555-0124,150,2026-03-07,SPRING26-MAIL,renewing,yes,tote
"SAMPLE, Not-A-Real-Donor-121",not-a-real-donor-121@example.invalid,"7608 Example St, Anytown WI 53204",555-0124,40,2026-03-05,SPRING26-PM,renewing,no,none
"SAMPLE, Not-A-Real-Donor-122",not-a-real-donor-122@example.invalid,"8959 Example St, Anytown WI 53202",555-0108,50,2026-03-01,SPRING26-WEB,renewing,no,none
"SAMPLE, Not-A-Real-Donor-123",not-a-real-donor-123@example.invalid,"7296 Example St, Anytown WI 53204",555-0102,60,2026-03-05,SPRING26-PM,new,no,none
"SAMPLE, Not-A-Real-Donor-124",not-a-real-donor-124@example.invalid,"8752 Example St, Anytown WI 53200",555-0175,100,2026-03-05,SPRING26-AM,renewing,yes,none
"SAMPLE, Not-A-Real-Donor-125",not-a-real-donor-125@example.invalid,"883 Example St, Anytown WI 53205",555-0134,15,2026-03-05,SPRING26-MAIL,renewing,yes,mug
"SAMPLE, Not-A-Real-Donor-126",not-a-real-donor-126@example.invalid,"1159 Example St, Anytown WI 53207",555-0185,15,2026-03-07,SPRING26-PM,renewing,yes,tickets
"SAMPLE, Not-A-Real-Donor-127",not-a-real-donor-127@example.invalid,"241 Example St, Anytown WI 53207",555-0135,60,2026-03-02,SPRING26-AM,renewing,no,tote
"SAMPLE, Not-A-Real-Donor-128",not-a-real-donor-128@example.invalid,"2571 Example St, Anytown WI 53202",555-0187,10,2026-03-02,SPRING26-WEB,renewing,no,none
"SAMPLE, Not-A-Real-Donor-129",not-a-real-donor-129@example.invalid,"1411 Example St, Anytown WI 53208",555-0184,1000,2026-03-04,SPRING26-MAIL,renewing,no,none
"SAMPLE, Not-A-Real-Donor-130",not-a-real-donor-130@example.invalid,"5117 Example St, Anytown WI 53202",555-0195,60,2026-03-05,SPRING26-AM,renewing,yes,tickets
"SAMPLE, Not-A-Real-Donor-131",not-a-real-donor-131@example.invalid,"8044 Example St, Anytown WI 53208",555-0108,250,2026-03-03,SPRING26-PM,renewing,no,tote
"SAMPLE, Not-A-Real-Donor-132",not-a-real-donor-132@example.invalid,"1370 Example St, Anytown WI 53203",555-0146,60,2026-03-04,SPRING26-PM,renewing,no,none
"SAMPLE, Not-A-Real-Donor-133",not-a-real-donor-133@example.invalid,"7859 Example St, Anytown WI 53208",555-0197,10,2026-03-05,SPRING26-WEB,renewing,yes,none
"SAMPLE, Not-A-Real-Donor-134",not-a-real-donor-134@example.invalid,"5358 Example St, Anytown WI 53207",555-0114,25,2026-03-03,SPRING26-MAIL,renewing,yes,tote
"SAMPLE, Not-A-Real-Donor-135",not-a-real-donor-135@example.invalid,"5474 Example St, Anytown WI 53202",555-0134,75,2026-03-01,SPRING26-PM,new,no,tote
"SAMPLE, Not-A-Real-Donor-136",not-a-real-donor-136@example.invalid,"3116 Example St, Anytown WI 53203",555-0105,500,2026-03-04,SPRING26-WEB,renewing,no,none
"SAMPLE, Not-A-Real-Donor-137",not-a-real-donor-137@example.invalid,"6033 Example St, Anytown WI 53206",555-0179,50,2026-03-03,SPRING26-WEB,new,no,tickets
"SAMPLE, Not-A-Real-Donor-138",not-a-real-donor-138@example.invalid,"6295 Example St, Anytown WI 53205",555-0105,100,2026-03-04,SPRING26-WEB,lapsed-reactivated,no,mug
"SAMPLE, Not-A-Real-Donor-139",not-a-real-donor-139@example.invalid,"2300 Example St, Anytown WI 53201",555-0121,500,2026-03-06,SPRING26-AM,lapsed-reactivated,no,none
"SAMPLE, Not-A-Real-Donor-140",not-a-real-donor-140@example.invalid,"9226 Example St, Anytown WI 53207",555-0197,500,2026-03-02,SPRING26-MAIL,lapsed-reactivated,yes,mug
"SAMPLE, Not-A-Real-Donor-141",not-a-real-donor-141@example.invalid,"2789 Example St, Anytown WI 53202",555-0112,60,2026-03-06,SPRING26-WEB,renewing,no,tote
"SAMPLE, Not-A-Real-Donor-142",not-a-real-donor-142@example.invalid,"9027 Example St, Anytown WI 53206",555-0179,15,2026-03-07,SPRING26-AM,renewing,no,mug
"SAMPLE, Not-A-Real-Donor-143",not-a-real-donor-143@example.invalid,"6792 Example St, Anytown WI 53201",555-0162,150,2026-03-06,SPRING26-MAIL,lapsed-reactivated,no,none
"SAMPLE, Not-A-Real-Donor-144",not-a-real-donor-144@example.invalid,"9784 Example St, Anytown WI 53208",555-0179,250,2026-03-06,SPRING26-WEB,renewing,yes,none
"SAMPLE, Not-A-Real-Donor-145",not-a-real-donor-145@example.invalid,"3088 Example St, Anytown WI 53201",555-0195,40,2026-03-06,SPRING26-MAIL,renewing,yes,mug
"SAMPLE, Not-A-Real-Donor-146",not-a-real-donor-146@example.invalid,"419 Example St, Anytown WI 53208",555-0100,40,2026-03-05,SPRING26-AM,lapsed-reactivated,no,tote
"SAMPLE, Not-A-Real-Donor-147",not-a-real-donor-147@example.invalid,"1170 Example St, Anytown WI 53203",555-0194,15,2026-03-01,SPRING26-AM,renewing,no,none
"SAMPLE, Not-A-Real-Donor-148",not-a-real-donor-148@example.invalid,"1366 Example St, Anytown WI 53208",555-0154,75,2026-03-03,SPRING26-PM,lapsed-reactivated,no,none
"SAMPLE, Not-A-Real-Donor-149",not-a-real-donor-149@example.invalid,"5519 Example St, Anytown WI 53206",555-0113,75,2026-03-04,SPRING26-AM,renewing,yes,tote
"SAMPLE, Not-A-Real-Donor-150",not-a-real-donor-150@example.invalid,"991 Example St, Anytown WI 53201",555-0169,120,2026-03-02,SPRING26-WEB,renewing,yes,tote
"SAMPLE, Not-A-Real-Donor-151",not-a-real-donor-151@example.invalid,"2636 Example St, Anytown WI 53204",555-0177,40,2026-03-02,SPRING26-AM,lapsed-reactivated,yes,none
"SAMPLE, Not-A-Real-Donor-152",not-a-real-donor-152@example.invalid,"1195 Example St, Anytown WI 53205",555-0113,500,2026-03-07,SPRING26-WEB,renewing,no,none
"SAMPLE, Not-A-Real-Donor-153",not-a-real-donor-153@example.invalid,"3834 Example St, Anytown WI 53200",555-0181,40,2026-03-01,SPRING26-PM,renewing,no,mug
"SAMPLE, Not-A-Real-Donor-154",not-a-real-donor-154@example.invalid,"4903 Example St, Anytown WI 53206",555-0121,250,2026-03-07,SPRING26-MAIL,lapsed-reactivated,no,mug
"SAMPLE, Not-A-Real-Donor-155",not-a-real-donor-155@example.invalid,"356 Example St, Anytown WI 53201",555-0138,20,2026-03-01,SPRING26-PM,renewing,yes,tickets
"SAMPLE, Not-A-Real-Donor-156",not-a-real-donor-156@example.invalid,"8076 Example St, Anytown WI 53207",555-0180,150,2026-03-07,SPRING26-PM,renewing,no,tote
"SAMPLE, Not-A-Real-Donor-157",not-a-real-donor-157@example.invalid,"9462 Example St, Anytown WI 53207",555-0163,40,2026-03-07,SPRING26-PM,new,yes,mug
"SAMPLE, Not-A-Real-Donor-158",not-a-real-donor-158@example.invalid,"2473 Example St, Anytown WI 53203",555-0183,1000,2026-03-01,SPRING26-WEB,renewing,yes,tote
"SAMPLE, Not-A-Real-Donor-159",not-a-real-donor-159@example.invalid,"2824 Example St, Anytown WI 53202",555-0186,250,2026-03-02,SPRING26-AM,renewing,no,tickets
"SAMPLE, Not-A-Real-Donor-160",not-a-real-donor-160@example.invalid,"8113 Example St, Anytown WI 53209",555-0125,60,2026-03-02,SPRING26-AM,renewing,no,tote
"SAMPLE, Not-A-Real-Donor-161",not-a-real-donor-161@example.invalid,"4535 Example St, Anytown WI 53206",555-0132,40,2026-03-03,SPRING26-AM,renewing,no,none
"SAMPLE, Not-A-Real-Donor-162",not-a-real-donor-162@example.invalid,"1602 Example St, Anytown WI 53203",555-0136,60,2026-03-01,SPRING26-MAIL,renewing,yes,tickets
"SAMPLE, Not-A-Real-Donor-163",not-a-real-donor-163@example.invalid,"2025 Example St, Anytown WI 53209",555-0143,150,2026-03-07,SPRING26-MAIL,new,no,mug
"SAMPLE, Not-A-Real-Donor-164",not-a-real-donor-164@example.invalid,"9005 Example St, Anytown WI 53209",555-0157,1000,2026-03-07,SPRING26-AM,lapsed-reactivated,yes,tickets
"SAMPLE, Not-A-Real-Donor-165",not-a-real-donor-165@example.invalid,"7465 Example St, Anytown WI 53207",555-0143,15,2026-03-07,SPRING26-PM,renewing,no,none
"SAMPLE, Not-A-Real-Donor-166",not-a-real-donor-166@example.invalid,"7219 Example St, Anytown WI 53208",555-0155,150,2026-03-01,SPRING26-WEB,lapsed-reactivated,no,none
"SAMPLE, Not-A-Real-Donor-167",not-a-real-donor-167@example.invalid,"8343 Example St, Anytown WI 53207",555-0140,250,2026-03-02,SPRING26-AM,renewing,no,mug
"SAMPLE, Not-A-Real-Donor-168",not-a-real-donor-168@example.invalid,"121 Example St, Anytown WI 53204",555-0193,500,2026-03-03,SPRING26-MAIL,new,yes,none
"SAMPLE, Not-A-Real-Donor-169",not-a-real-donor-169@example.invalid,"6689 Example St, Anytown WI 53207",555-0190,60,2026-03-04,SPRING26-PM,renewing,yes,none
"SAMPLE, Not-A-Real-Donor-170",not-a-real-donor-170@example.invalid,"2929 Example St, Anytown WI 53202",555-0122,60,2026-03-04,SPRING26-MAIL,renewing,yes,none
"SAMPLE, Not-A-Real-Donor-171",not-a-real-donor-171@example.invalid,"5370 Example St, Anytown WI 53209",555-0163,500,2026-03-01,SPRING26-PM,renewing,yes,none
"SAMPLE, Not-A-Real-Donor-172",not-a-real-donor-172@example.invalid,"4849 Example St, Anytown WI 53205",555-0112,20,2026-03-05,SPRING26-AM,lapsed-reactivated,yes,mug
"SAMPLE, Not-A-Real-Donor-173",not-a-real-donor-173@example.invalid,"330 Example St, Anytown WI 53208",555-0139,100,2026-03-05,SPRING26-PM,renewing,no,none
"SAMPLE, Not-A-Real-Donor-174",not-a-real-donor-174@example.invalid,"5715 Example St, Anytown WI 53200",555-0179,120,2026-03-03,SPRING26-WEB,renewing,no,none
"SAMPLE, Not-A-Real-Donor-175",not-a-real-donor-175@example.invalid,"9785 Example St, Anytown WI 53200",555-0153,15,2026-03-06,SPRING26-PM,renewing,no,mug
"SAMPLE, Not-A-Real-Donor-176",not-a-real-donor-176@example.invalid,"2725 Example St, Anytown WI 53206",555-0175,100,2026-03-03,SPRING26-AM,renewing,no,none
"SAMPLE, Not-A-Real-Donor-177",not-a-real-donor-177@example.invalid,"5073 Example St, Anytown WI 53205",555-0157,120,2026-03-05,SPRING26-AM,renewing,no,none
"SAMPLE, Not-A-Real-Donor-178",not-a-real-donor-178@example.invalid,"4356 Example St, Anytown WI 53203",555-0128,15,2026-03-01,SPRING26-AM,renewing,yes,mug
"SAMPLE, Not-A-Real-Donor-179",not-a-real-donor-179@example.invalid,"9355 Example St, Anytown WI 53201",555-0158,60,2026-03-01,SPRING26-WEB,renewing,yes,none
"SAMPLE, Not-A-Real-Donor-180",not-a-real-donor-180@example.invalid,"5184 Example St, Anytown WI 53202",555-0186,60,2026-03-06,SPRING26-WEB,renewing,no,tickets
"SAMPLE, Not-A-Real-Donor-181",not-a-real-donor-181@example.invalid,"6755 Example St, Anytown WI 53206",555-0183,500,2026-03-01,SPRING26-AM,renewing,no,tote
"SAMPLE, Not-A-Real-Donor-182",not-a-real-donor-182@example.invalid,"9458 Example St, Anytown WI 53208",555-0149,25,2026-03-01,SPRING26-PM,renewing,no,tote
"SAMPLE, Not-A-Real-Donor-183",not-a-real-donor-183@example.invalid,"208 Example St, Anytown WI 53206",555-0113,40,2026-03-04,SPRING26-WEB,renewing,no,tickets
"SAMPLE, Not-A-Real-Donor-184",not-a-real-donor-184@example.invalid,"849 Example St, Anytown WI 53207",555-0182,15,2026-03-04,SPRING26-PM,lapsed-reactivated,no,tote
"SAMPLE, Not-A-Real-Donor-185",not-a-real-donor-185@example.invalid,"2467 Example St, Anytown WI 53202",555-0141,250,2026-03-01,SPRING26-PM,new,no,tickets
"SAMPLE, Not-A-Real-Donor-186",not-a-real-donor-186@example.invalid,"5049 Example St, Anytown WI 53201",555-0172,15,2026-03-03,SPRING26-PM,lapsed-reactivated,yes,tickets
"SAMPLE, Not-A-Real-Donor-187",not-a-real-donor-187@example.invalid,"6477 Example St, Anytown WI 53208",555-0179,40,2026-03-05,SPRING26-AM,lapsed-reactivated,no,none
"SAMPLE, Not-A-Real-Donor-188",not-a-real-donor-188@example.invalid,"9227 Example St, Anytown WI 53205",555-0118,75,2026-03-06,SPRING26-PM,renewing,yes,tote
"SAMPLE, Not-A-Real-Donor-189",not-a-real-donor-189@example.invalid,"5117 Example St, Anytown WI 53209",555-0173,150,2026-03-04,SPRING26-PM,renewing,yes,tickets
"SAMPLE, Not-A-Real-Donor-190",not-a-real-donor-190@example.invalid,"7270 Example St, Anytown WI 53204",555-0117,100,2026-03-01,SPRING26-MAIL,lapsed-reactivated,yes,tote
"SAMPLE, Not-A-Real-Donor-191",not-a-real-donor-191@example.invalid,"2053 Example St, Anytown WI 53206",555-0128,15,2026-03-01,SPRING26-PM,renewing,yes,none
"SAMPLE, Not-A-Real-Donor-192",not-a-real-donor-192@example.invalid,"3441 Example St, Anytown WI 53200",555-0163,100,2026-03-06,SPRING26-WEB,new,yes,none
"SAMPLE, Not-A-Real-Donor-193",not-a-real-donor-193@example.invalid,"704 Example St, Anytown WI 53206",555-0167,20,2026-03-03,SPRING26-MAIL,renewing,no,mug
"SAMPLE, Not-A-Real-Donor-194",not-a-real-donor-194@example.invalid,"9921 Example St, Anytown WI 53207",555-0183,25,2026-03-01,SPRING26-MAIL,renewing,yes,mug
"SAMPLE, Not-A-Real-Donor-195",not-a-real-donor-195@example.invalid,"3173 Example St, Anytown WI 53206",555-0120,50,2026-03-06,SPRING26-WEB,lapsed-reactivated,yes,mug
"SAMPLE, Not-A-Real-Donor-196",not-a-real-donor-196@example.invalid,"5748 Example St, Anytown WI 53209",555-0175,40,2026-03-01,SPRING26-PM,renewing,yes,none
"SAMPLE, Not-A-Real-Donor-197",not-a-real-donor-197@example.invalid,"2116 Example St, Anytown WI 53202",555-0163,1000,2026-03-03,SPRING26-WEB,renewing,yes,none
"SAMPLE, Not-A-Real-Donor-198",not-a-real-donor-198@example.invalid,"103 Example St, Anytown WI 53208",555-0142,50,2026-03-05,SPRING26-AM,lapsed-reactivated,no,tote
"SAMPLE, Not-A-Real-Donor-199",not-a-real-donor-199@example.invalid,"7799 Example St, Anytown WI 53205",555-0159,50,2026-03-04,SPRING26-WEB,new,no,tote
"SAMPLE, Not-A-Real-Donor-200",not-a-real-donor-200@example.invalid,"8013 Example St, Anytown WI 53203",555-0142,1000,2026-03-07,SPRING26-PM,renewing,yes,mug
"SAMPLE, Not-A-Real-Donor-201",not-a-real-donor-201@example.invalid,"4340 Example St, Anytown WI 53207",555-0162,40,2026-03-01,SPRING26-AM,renewing,yes,none
"SAMPLE, Not-A-Real-Donor-202",not-a-real-donor-202@example.invalid,"5416 Example St, Anytown WI 53200",555-0110,25,2026-03-01,SPRING26-PM,renewing,yes,none
"SAMPLE, Not-A-Real-Donor-203",not-a-real-donor-203@example.invalid,"3898 Example St, Anytown WI 53201",555-0105,60,2026-03-03,SPRING26-WEB,renewing,no,tote
"SAMPLE, Not-A-Real-Donor-204",not-a-real-donor-204@example.invalid,"1554 Example St, Anytown WI 53201",555-0114,500,2026-03-04,SPRING26-PM,lapsed-reactivated,no,tote
"SAMPLE, Not-A-Real-Donor-205",not-a-real-donor-205@example.invalid,"6111 Example St, Anytown WI 53206",555-0104,150,2026-03-07,SPRING26-PM,renewing,no,tickets
"SAMPLE, Not-A-Real-Donor-206",not-a-real-donor-206@example.invalid,"6121 Example St, Anytown WI 53203",555-0169,120,2026-03-02,SPRING26-WEB,renewing,no,tote
"SAMPLE, Not-A-Real-Donor-207",not-a-real-donor-207@example.invalid,"3421 Example St, Anytown WI 53205",555-0103,120,2026-03-05,SPRING26-AM,renewing,no,tote
"SAMPLE, Not-A-Real-Donor-208",not-a-real-donor-208@example.invalid,"4619 Example St, Anytown WI 53203",555-0164,20,2026-03-05,SPRING26-AM,new,no,tote
"SAMPLE, Not-A-Real-Donor-209",not-a-real-donor-209@example.invalid,"8996 Example St, Anytown WI 53204",555-0118,10,2026-03-02,SPRING26-PM,renewing,yes,tote
"SAMPLE, Not-A-Real-Donor-210",not-a-real-donor-210@example.invalid,"2170 Example St, Anytown WI 53200",555-0130,100,2026-03-05,SPRING26-WEB,new,no,none
"SAMPLE, Not-A-Real-Donor-211",not-a-real-donor-211@example.invalid,"8450 Example St, Anytown WI 53204",555-0192,20,2026-03-05,SPRING26-AM,new,yes,none
"SAMPLE, Not-A-Real-Donor-212",not-a-real-donor-212@example.invalid,"9718 Example St, Anytown WI 53204",555-0117,250,2026-03-05,SPRING26-WEB,new,no,mug
"SAMPLE, Not-A-Real-Donor-213",not-a-real-donor-213@example.invalid,"3061 Example St, Anytown WI 53207",555-0154,500,2026-03-05,SPRING26-PM,renewing,no,none
"SAMPLE, Not-A-Real-Donor-214",not-a-real-donor-214@example.invalid,"1527 Example St, Anytown WI 53205",555-0122,250,2026-03-06,SPRING26-AM,new,yes,mug
"SAMPLE, Not-A-Real-Donor-215",not-a-real-donor-215@example.invalid,"1725 Example St, Anytown WI 53208",555-0123,50,2026-03-01,SPRING26-AM,renewing,no,mug
"SAMPLE, Not-A-Real-Donor-216",not-a-real-donor-216@example.invalid,"512 Example St, Anytown WI 53204",555-0156,40,2026-03-07,SPRING26-AM,renewing,no,tote
"SAMPLE, Not-A-Real-Donor-217",not-a-real-donor-217@example.invalid,"6150 Example St, Anytown WI 53206",555-0102,25,2026-03-05,SPRING26-WEB,new,yes,none
"SAMPLE, Not-A-Real-Donor-218",not-a-real-donor-218@example.invalid,"3474 Example St, Anytown WI 53201",555-0131,60,2026-03-01,SPRING26-AM,new,yes,tickets
"SAMPLE, Not-A-Real-Donor-219",not-a-real-donor-219@example.invalid,"5915 Example St, Anytown WI 53201",555-0160,25,2026-03-04,SPRING26-AM,renewing,no,tote
"SAMPLE, Not-A-Real-Donor-220",not-a-real-donor-220@example.invalid,"6413 Example St, Anytown WI 53206",555-0118,120,2026-03-06,SPRING26-MAIL,renewing,no,mug
"SAMPLE, Not-A-Real-Donor-221",not-a-real-donor-221@example.invalid,"8899 Example St, Anytown WI 53201",555-0121,20,2026-03-03,SPRING26-PM,lapsed-reactivated,no,mug
"SAMPLE, Not-A-Real-Donor-222",not-a-real-donor-222@example.invalid,"7904 Example St, Anytown WI 53200",555-0120,150,2026-03-05,SPRING26-PM,new,yes,tickets
"SAMPLE, Not-A-Real-Donor-223",not-a-real-donor-223@example.invalid,"3074 Example St, Anytown WI 53202",555-0191,15,2026-03-01,SPRING26-WEB,lapsed-reactivated,no,tickets
"SAMPLE, Not-A-Real-Donor-224",not-a-real-donor-224@example.invalid,"2961 Example St, Anytown WI 53202",555-0152,75,2026-03-07,SPRING26-MAIL,lapsed-reactivated,yes,tickets
"SAMPLE, Not-A-Real-Donor-225",not-a-real-donor-225@example.invalid,"877 Example St, Anytown WI 53205",555-0151,150,2026-03-01,SPRING26-AM,new,yes,mug
"SAMPLE, Not-A-Real-Donor-226",not-a-real-donor-226@example.invalid,"5949 Example St, Anytown WI 53201",555-0190,60,2026-03-03,SPRING26-WEB,lapsed-reactivated,no,tote
"SAMPLE, Not-A-Real-Donor-227",not-a-real-donor-227@example.invalid,"7772 Example St, Anytown WI 53208",555-0169,20,2026-03-06,SPRING26-AM,renewing,no,tickets
"SAMPLE, Not-A-Real-Donor-228",not-a-real-donor-228@example.invalid,"7019 Example St, Anytown WI 53200",555-0136,120,2026-03-04,SPRING26-AM,new,no,none
"SAMPLE, Not-A-Real-Donor-229",not-a-real-donor-229@example.invalid,"8527 Example St, Anytown WI 53206",555-0157,50,2026-03-04,SPRING26-PM,new,no,tickets
"SAMPLE, Not-A-Real-Donor-230",not-a-real-donor-230@example.invalid,"3821 Example St, Anytown WI 53204",555-0102,75,2026-03-07,SPRING26-PM,renewing,yes,tote
"SAMPLE, Not-A-Real-Donor-231",not-a-real-donor-231@example.invalid,"4453 Example St, Anytown WI 53204",555-0145,15,2026-03-05,SPRING26-PM,lapsed-reactivated,yes,tickets
"SAMPLE, Not-A-Real-Donor-232",not-a-real-donor-232@example.invalid,"2907 Example St, Anytown WI 53202",555-0117,75,2026-03-03,SPRING26-MAIL,new,yes,mug
"SAMPLE, Not-A-Real-Donor-233",not-a-real-donor-233@example.invalid,"2674 Example St, Anytown WI 53204",555-0169,20,2026-03-01,SPRING26-AM,lapsed-reactivated,yes,none
"SAMPLE, Not-A-Real-Donor-234",not-a-real-donor-234@example.invalid,"9786 Example St, Anytown WI 53209",555-0156,15,2026-03-04,SPRING26-PM,renewing,yes,tickets
"SAMPLE, Not-A-Real-Donor-235",not-a-real-donor-235@example.invalid,"1062 Example St, Anytown WI 53209",555-0129,150,2026-03-05,SPRING26-AM,lapsed-reactivated,no,none
"SAMPLE, Not-A-Real-Donor-236",not-a-real-donor-236@example.invalid,"1601 Example St, Anytown WI 53207",555-0177,15,2026-03-07,SPRING26-PM,renewing,no,tickets
"SAMPLE, Not-A-Real-Donor-237",not-a-real-donor-237@example.invalid,"3221 Example St, Anytown WI 53208",555-0109,40,2026-03-01,SPRING26-WEB,renewing,yes,tote
"SAMPLE, Not-A-Real-Donor-238",not-a-real-donor-238@example.invalid,"7192 Example St, Anytown WI 53200",555-0120,10,2026-03-02,SPRING26-WEB,renewing,yes,mug
"SAMPLE, Not-A-Real-Donor-239",not-a-real-donor-239@example.invalid,"7330 Example St, Anytown WI 53204",555-0162,60,2026-03-05,SPRING26-AM,renewing,no,none
"SAMPLE, Not-A-Real-Donor-240",not-a-real-donor-240@example.invalid,"2512 Example St, Anytown WI 53202",555-0116,100,2026-03-04,SPRING26-MAIL,renewing,no,mug
"SAMPLE, Not-A-Real-Donor-241",not-a-real-donor-241@example.invalid,"6867 Example St, Anytown WI 53201",555-0122,25,2026-03-07,SPRING26-PM,renewing,yes,tote
"SAMPLE, Not-A-Real-Donor-242",not-a-real-donor-242@example.invalid,"7975 Example St, Anytown WI 53203",555-0146,250,2026-03-02,SPRING26-PM,lapsed-reactivated,no,none
"SAMPLE, Not-A-Real-Donor-243",not-a-real-donor-243@example.invalid,"1497 Example St, Anytown WI 53205",555-0183,1000,2026-03-07,SPRING26-AM,renewing,yes,tote
"SAMPLE, Not-A-Real-Donor-244",not-a-real-donor-244@example.invalid,"1605 Example St, Anytown WI 53209",555-0110,40,2026-03-06,SPRING26-MAIL,new,no,none
"SAMPLE, Not-A-Real-Donor-245",not-a-real-donor-245@example.invalid,"6111 Example St, Anytown WI 53208",555-0139,100,2026-03-04,SPRING26-WEB,renewing,yes,none
"SAMPLE, Not-A-Real-Donor-246",not-a-real-donor-246@example.invalid,"7081 Example St, Anytown WI 53200",555-0154,150,2026-03-02,SPRING26-PM,renewing,no,mug
"SAMPLE, Not-A-Real-Donor-247",not-a-real-donor-247@example.invalid,"2246 Example St, Anytown WI 53203",555-0134,120,2026-03-06,SPRING26-WEB,renewing,no,tickets
"SAMPLE, Not-A-Real-Donor-248",not-a-real-donor-248@example.invalid,"323 Example St, Anytown WI 53201",555-0120,20,2026-03-06,SPRING26-PM,new,no,mug
"SAMPLE, Not-A-Real-Donor-249",not-a-real-donor-249@example.invalid,"2549 Example St, Anytown WI 53207",555-0136,50,2026-03-04,SPRING26-AM,renewing,no,none
"SAMPLE, Not-A-Real-Donor-250",not-a-real-donor-250@example.invalid,"7652 Example St, Anytown WI 53208",555-0186,1000,2026-03-03,SPRING26-MAIL,lapsed-reactivated,yes,tickets
"SAMPLE, Not-A-Real-Donor-251",not-a-real-donor-251@example.invalid,"395 Example St, Anytown WI 53207",555-0139,100,2026-03-03,SPRING26-AM,lapsed-reactivated,no,none
"SAMPLE, Not-A-Real-Donor-252",not-a-real-donor-252@example.invalid,"9910 Example St, Anytown WI 53204",555-0104,75,2026-03-06,SPRING26-WEB,renewing,no,mug
"SAMPLE, Not-A-Real-Donor-253",not-a-real-donor-253@example.invalid,"5108 Example St, Anytown WI 53207",555-0123,40,2026-03-04,SPRING26-WEB,renewing,yes,tickets
"SAMPLE, Not-A-Real-Donor-254",not-a-real-donor-254@example.invalid,"7665 Example St, Anytown WI 53209",555-0189,50,2026-03-06,SPRING26-WEB,renewing,yes,mug
"SAMPLE, Not-A-Real-Donor-255",not-a-real-donor-255@example.invalid,"7546 Example St, Anytown WI 53202",555-0140,40,2026-03-03,SPRING26-PM,lapsed-reactivated,yes,tickets
"SAMPLE, Not-A-Real-Donor-256",not-a-real-donor-256@example.invalid,"1195 Example St, Anytown WI 53206",555-0123,1000,2026-03-04,SPRING26-WEB,new,yes,tote
"SAMPLE, Not-A-Real-Donor-257",not-a-real-donor-257@example.invalid,"4168 Example St, Anytown WI 53208",555-0174,60,2026-03-03,SPRING26-PM,renewing,yes,none
"SAMPLE, Not-A-Real-Donor-258",not-a-real-donor-258@example.invalid,"8206 Example St, Anytown WI 53209",555-0103,10,2026-03-04,SPRING26-PM,renewing,yes,tote
"SAMPLE, Not-A-Real-Donor-259",not-a-real-donor-259@example.invalid,"4781 Example St, Anytown WI 53203",555-0189,250,2026-03-07,SPRING26-MAIL,new,no,mug
"SAMPLE, Not-A-Real-Donor-260",not-a-real-donor-260@example.invalid,"951 Example St, Anytown WI 53207",555-0107,75,2026-03-02,SPRING26-AM,renewing,no,tote
"SAMPLE, Not-A-Real-Donor-261",not-a-real-donor-261@example.invalid,"6772 Example St, Anytown WI 53203",555-0102,50,2026-03-03,SPRING26-WEB,new,yes,none
"SAMPLE, Not-A-Real-Donor-262",not-a-real-donor-262@example.invalid,"8720 Example St, Anytown WI 53201",555-0137,1000,2026-03-06,SPRING26-MAIL,new,yes,mug
"SAMPLE, Not-A-Real-Donor-263",not-a-real-donor-263@example.invalid,"226 Example St, Anytown WI 53201",555-0196,100,2026-03-04,SPRING26-AM,new,no,tickets
"SAMPLE, Not-A-Real-Donor-264",not-a-real-donor-264@example.invalid,"1057 Example St, Anytown WI 53205",555-0156,120,2026-03-07,SPRING26-WEB,new,no,tickets
"SAMPLE, Not-A-Real-Donor-265",not-a-real-donor-265@example.invalid,"2517 Example St, Anytown WI 53200",555-0125,150,2026-03-01,SPRING26-PM,new,yes,mug
"SAMPLE, Not-A-Real-Donor-266",not-a-real-donor-266@example.invalid,"7344 Example St, Anytown WI 53202",555-0137,15,2026-03-01,SPRING26-PM,renewing,no,tickets
"SAMPLE, Not-A-Real-Donor-267",not-a-real-donor-267@example.invalid,"5573 Example St, Anytown WI 53200",555-0114,250,2026-03-03,SPRING26-WEB,lapsed-reactivated,no,mug
"SAMPLE, Not-A-Real-Donor-268",not-a-real-donor-268@example.invalid,"3476 Example St, Anytown WI 53207",555-0174,15,2026-03-01,SPRING26-PM,renewing,no,tickets
"SAMPLE, Not-A-Real-Donor-269",not-a-real-donor-269@example.invalid,"3525 Example St, Anytown WI 53205",555-0129,75,2026-03-05,SPRING26-AM,renewing,no,none
"SAMPLE, Not-A-Real-Donor-270",not-a-real-donor-270@example.invalid,"1048 Example St, Anytown WI 53204",555-0161,1000,2026-03-04,SPRING26-WEB,renewing,yes,tote
"SAMPLE, Not-A-Real-Donor-271",not-a-real-donor-271@example.invalid,"5035 Example St, Anytown WI 53207",555-0120,1000,2026-03-02,SPRING26-PM,renewing,yes,tickets
"SAMPLE, Not-A-Real-Donor-272",not-a-real-donor-272@example.invalid,"6219 Example St, Anytown WI 53200",555-0129,20,2026-03-02,SPRING26-MAIL,renewing,yes,tote
"SAMPLE, Not-A-Real-Donor-273",not-a-real-donor-273@example.invalid,"8591 Example St, Anytown WI 53202",555-0166,250,2026-03-07,SPRING26-AM,lapsed-reactivated,no,none
"SAMPLE, Not-A-Real-Donor-274",not-a-real-donor-274@example.invalid,"4389 Example St, Anytown WI 53208",555-0122,40,2026-03-06,SPRING26-PM,lapsed-reactivated,yes,none
"SAMPLE, Not-A-Real-Donor-275",not-a-real-donor-275@example.invalid,"9595 Example St, Anytown WI 53201",555-0159,25,2026-03-06,SPRING26-MAIL,renewing,yes,mug
"SAMPLE, Not-A-Real-Donor-276",not-a-real-donor-276@example.invalid,"2585 Example St, Anytown WI 53204",555-0158,100,2026-03-05,SPRING26-WEB,new,no,none
"SAMPLE, Not-A-Real-Donor-277",not-a-real-donor-277@example.invalid,"6686 Example St, Anytown WI 53204",555-0170,60,2026-03-02,SPRING26-MAIL,lapsed-reactivated,no,none
"SAMPLE, Not-A-Real-Donor-278",not-a-real-donor-278@example.invalid,"4354 Example St, Anytown WI 53208",555-0134,20,2026-03-02,SPRING26-WEB,renewing,no,none
"SAMPLE, Not-A-Real-Donor-279",not-a-real-donor-279@example.invalid,"7416 Example St, Anytown WI 53203",555-0170,40,2026-03-04,SPRING26-AM,renewing,no,tickets
"SAMPLE, Not-A-Real-Donor-280",not-a-real-donor-280@example.invalid,"9046 Example St, Anytown WI 53201",555-0149,1000,2026-03-06,SPRING26-MAIL,new,no,none
"SAMPLE, Not-A-Real-Donor-281",not-a-real-donor-281@example.invalid,"865 Example St, Anytown WI 53209",555-0128,40,2026-03-02,SPRING26-MAIL,new,yes,tickets
"SAMPLE, Not-A-Real-Donor-282",not-a-real-donor-282@example.invalid,"8258 Example St, Anytown WI 53209",555-0192,1000,2026-03-01,SPRING26-WEB,new,yes,tickets
"SAMPLE, Not-A-Real-Donor-283",not-a-real-donor-283@example.invalid,"3639 Example St, Anytown WI 53204",555-0113,120,2026-03-05,SPRING26-PM,new,no,tote
"SAMPLE, Not-A-Real-Donor-284",not-a-real-donor-284@example.invalid,"9362 Example St, Anytown WI 53205",555-0137,25,2026-03-07,SPRING26-WEB,renewing,yes,mug
"SAMPLE, Not-A-Real-Donor-285",not-a-real-donor-285@example.invalid,"3219 Example St, Anytown WI 53206",555-0118,20,2026-03-02,SPRING26-AM,renewing,no,none
"SAMPLE, Not-A-Real-Donor-286",not-a-real-donor-286@example.invalid,"1392 Example St, Anytown WI 53202",555-0120,40,2026-03-04,SPRING26-PM,renewing,no,none
"SAMPLE, Not-A-Real-Donor-287",not-a-real-donor-287@example.invalid,"1543 Example St, Anytown WI 53203",555-0128,25,2026-03-02,SPRING26-AM,new,no,none
"SAMPLE, Not-A-Real-Donor-288",not-a-real-donor-288@example.invalid,"3755 Example St, Anytown WI 53208",555-0125,1000,2026-03-05,SPRING26-AM,renewing,no,none
"SAMPLE, Not-A-Real-Donor-289",not-a-real-donor-289@example.invalid,"3996 Example St, Anytown WI 53200",555-0192,150,2026-03-06,SPRING26-MAIL,renewing,no,mug
"SAMPLE, Not-A-Real-Donor-290",not-a-real-donor-290@example.invalid,"4918 Example St, Anytown WI 53205",555-0119,250,2026-03-04,SPRING26-AM,renewing,yes,none
"SAMPLE, Not-A-Real-Donor-291",not-a-real-donor-291@example.invalid,"8921 Example St, Anytown WI 53205",555-0168,1000,2026-03-02,SPRING26-AM,renewing,no,mug
"SAMPLE, Not-A-Real-Donor-292",not-a-real-donor-292@example.invalid,"5062 Example St, Anytown WI 53203",555-0165,10,2026-03-05,SPRING26-AM,renewing,no,mug
"SAMPLE, Not-A-Real-Donor-293",not-a-real-donor-293@example.invalid,"8569 Example St, Anytown WI 53201",555-0142,20,2026-03-05,SPRING26-PM,lapsed-reactivated,no,none
"SAMPLE, Not-A-Real-Donor-294",not-a-real-donor-294@example.invalid,"6030 Example St, Anytown WI 53203",555-0139,60,2026-03-05,SPRING26-MAIL,renewing,no,none
"SAMPLE, Not-A-Real-Donor-295",not-a-real-donor-295@example.invalid,"9359 Example St, Anytown WI 53205",555-0183,50,2026-03-03,SPRING26-PM,renewing,no,tote
"SAMPLE, Not-A-Real-Donor-296",not-a-real-donor-296@example.invalid,"3571 Example St, Anytown WI 53206",555-0164,60,2026-03-04,SPRING26-MAIL,lapsed-reactivated,yes,tote
"SAMPLE, Not-A-Real-Donor-297",not-a-real-donor-297@example.invalid,"4532 Example St, Anytown WI 53200",555-0178,100,2026-03-07,SPRING26-WEB,new,no,none
"SAMPLE, Not-A-Real-Donor-298",not-a-real-donor-298@example.invalid,"9349 Example St, Anytown WI 53205",555-0171,15,2026-03-04,SPRING26-AM,renewing,no,none
"SAMPLE, Not-A-Real-Donor-299",not-a-real-donor-299@example.invalid,"2353 Example St, Anytown WI 53206",555-0174,25,2026-03-07,SPRING26-PM,renewing,no,none
"SAMPLE, Not-A-Real-Donor-300",not-a-real-donor-300@example.invalid,"8364 Example St, Anytown WI 53203",555-0157,75,2026-03-04,SPRING26-AM,new,yes,mug
"SAMPLE, Not-A-Real-Donor-301",not-a-real-donor-301@example.invalid,"5080 Example St, Anytown WI 53209",555-0191,25,2026-03-03,SPRING26-AM,lapsed-reactivated,no,mug
"SAMPLE, Not-A-Real-Donor-302",not-a-real-donor-302@example.invalid,"5373 Example St, Anytown WI 53208",555-0192,250,2026-03-01,SPRING26-WEB,renewing,no,mug
"SAMPLE, Not-A-Real-Donor-303",not-a-real-donor-303@example.invalid,"9570 Example St, Anytown WI 53208",555-0105,1000,2026-03-02,SPRING26-MAIL,renewing,no,none
"SAMPLE, Not-A-Real-Donor-304",not-a-real-donor-304@example.invalid,"1066 Example St, Anytown WI 53207",555-0186,120,2026-03-04,SPRING26-AM,renewing,no,tote
"SAMPLE, Not-A-Real-Donor-305",not-a-real-donor-305@example.invalid,"6566 Example St, Anytown WI 53205",555-0150,150,2026-03-05,SPRING26-AM,renewing,no,none
"SAMPLE, Not-A-Real-Donor-306",not-a-real-donor-306@example.invalid,"3495 Example St, Anytown WI 53202",555-0186,150,2026-03-07,SPRING26-PM,renewing,yes,tote
"SAMPLE, Not-A-Real-Donor-307",not-a-real-donor-307@example.invalid,"2948 Example St, Anytown WI 53207",555-0125,150,2026-03-02,SPRING26-PM,renewing,yes,none
"SAMPLE, Not-A-Real-Donor-308",not-a-real-donor-308@example.invalid,"4509 Example St, Anytown WI 53209",555-0136,75,2026-03-07,SPRING26-WEB,renewing,no,tote
"SAMPLE, Not-A-Real-Donor-309",not-a-real-donor-309@example.invalid,"4215 Example St, Anytown WI 53200",555-0150,15,2026-03-06,SPRING26-PM,renewing,yes,mug
"SAMPLE, Not-A-Real-Donor-310",not-a-real-donor-310@example.invalid,"1893 Example St, Anytown WI 53203",555-0177,20,2026-03-07,SPRING26-MAIL,lapsed-reactivated,no,tote
"SAMPLE, Not-A-Real-Donor-311",not-a-real-donor-311@example.invalid,"9388 Example St, Anytown WI 53208",555-0176,60,2026-03-04,SPRING26-WEB,renewing,no,mug
"SAMPLE, Not-A-Real-Donor-312",not-a-real-donor-312@example.invalid,"9425 Example St, Anytown WI 53203",555-0163,50,2026-03-05,SPRING26-MAIL,new,yes,tote
"SAMPLE, Not-A-Real-Donor-313",not-a-real-donor-313@example.invalid,"2267 Example St, Anytown WI 53201",555-0153,500,2026-03-01,SPRING26-PM,new,no,none
"SAMPLE, Not-A-Real-Donor-314",not-a-real-donor-314@example.invalid,"9771 Example St, Anytown WI 53205",555-0111,75,2026-03-04,SPRING26-WEB,renewing,yes,tickets
"SAMPLE, Not-A-Real-Donor-315",not-a-real-donor-315@example.invalid,"7355 Example St, Anytown WI 53209",555-0163,1000,2026-03-05,SPRING26-PM,renewing,no,tote
"SAMPLE, Not-A-Real-Donor-316",not-a-real-donor-316@example.invalid,"7960 Example St, Anytown WI 53207",555-0199,100,2026-03-06,SPRING26-WEB,renewing,no,tote
"SAMPLE, Not-A-Real-Donor-317",not-a-real-donor-317@example.invalid,"9955 Example St, Anytown WI 53204",555-0112,1000,2026-03-06,SPRING26-AM,lapsed-reactivated,no,none
"SAMPLE, Not-A-Real-Donor-318",not-a-real-donor-318@example.invalid,"6698 Example St, Anytown WI 53205",555-0169,75,2026-03-07,SPRING26-AM,lapsed-reactivated,no,tote
"SAMPLE, Not-A-Real-Donor-319",not-a-real-donor-319@example.invalid,"5252 Example St, Anytown WI 53207",555-0104,250,2026-03-06,SPRING26-WEB,renewing,no,tickets
"SAMPLE, Not-A-Real-Donor-320",not-a-real-donor-320@example.invalid,"3691 Example St, Anytown WI 53209",555-0191,10,2026-03-04,SPRING26-AM,renewing,no,tote
"SAMPLE, Not-A-Real-Donor-321",not-a-real-donor-321@example.invalid,"5296 Example St, Anytown WI 53202",555-0170,1000,2026-03-01,SPRING26-WEB,renewing,no,tote
"SAMPLE, Not-A-Real-Donor-322",not-a-real-donor-322@example.invalid,"4738 Example St, Anytown WI 53204",555-0179,50,2026-03-05,SPRING26-WEB,renewing,yes,tickets
"SAMPLE, Not-A-Real-Donor-323",not-a-real-donor-323@example.invalid,"4252 Example St, Anytown WI 53208",555-0186,10,2026-03-03,SPRING26-AM,new,no,tote
"SAMPLE, Not-A-Real-Donor-324",not-a-real-donor-324@example.invalid,"5039 Example St, Anytown WI 53209",555-0128,1000,2026-03-03,SPRING26-AM,renewing,no,mug
"SAMPLE, Not-A-Real-Donor-325",not-a-real-donor-325@example.invalid,"3445 Example St, Anytown WI 53201",555-0184,150,2026-03-05,SPRING26-AM,new,no,mug
"SAMPLE, Not-A-Real-Donor-326",not-a-real-donor-326@example.invalid,"1274 Example St, Anytown WI 53202",555-0198,75,2026-03-04,SPRING26-MAIL,renewing,no,tote
"SAMPLE, Not-A-Real-Donor-327",not-a-real-donor-327@example.invalid,"7023 Example St, Anytown WI 53204",555-0152,500,2026-03-04,SPRING26-AM,renewing,yes,tickets
"SAMPLE, Not-A-Real-Donor-328",not-a-real-donor-328@example.invalid,"7522 Example St, Anytown WI 53205",555-0182,50,2026-03-01,SPRING26-AM,renewing,no,tickets
"SAMPLE, Not-A-Real-Donor-329",not-a-real-donor-329@example.invalid,"8700 Example St, Anytown WI 53206",555-0155,1000,2026-03-03,SPRING26-WEB,lapsed-reactivated,yes,none
"SAMPLE, Not-A-Real-Donor-330",not-a-real-donor-330@example.invalid,"4325 Example St, Anytown WI 53207",555-0137,100,2026-03-06,SPRING26-MAIL,new,no,none
"SAMPLE, Not-A-Real-Donor-331",not-a-real-donor-331@example.invalid,"1322 Example St, Anytown WI 53203",555-0142,40,2026-03-03,SPRING26-WEB,renewing,yes,tote
"SAMPLE, Not-A-Real-Donor-332",not-a-real-donor-332@example.invalid,"9238 Example St, Anytown WI 53202",555-0187,100,2026-03-07,SPRING26-WEB,renewing,no,mug
"SAMPLE, Not-A-Real-Donor-333",not-a-real-donor-333@example.invalid,"4249 Example St, Anytown WI 53206",555-0118,250,2026-03-02,SPRING26-WEB,renewing,yes,tickets
"SAMPLE, Not-A-Real-Donor-334",not-a-real-donor-334@example.invalid,"9219 Example St, Anytown WI 53202",555-0113,60,2026-03-07,SPRING26-AM,renewing,yes,none
"SAMPLE, Not-A-Real-Donor-335",not-a-real-donor-335@example.invalid,"3793 Example St, Anytown WI 53202",555-0130,100,2026-03-02,SPRING26-AM,renewing,no,mug
"SAMPLE, Not-A-Real-Donor-336",not-a-real-donor-336@example.invalid,"3679 Example St, Anytown WI 53202",555-0195,40,2026-03-05,SPRING26-MAIL,lapsed-reactivated,yes,mug
"SAMPLE, Not-A-Real-Donor-337",not-a-real-donor-337@example.invalid,"906 Example St, Anytown WI 53209",555-0168,500,2026-03-06,SPRING26-MAIL,renewing,no,mug
"SAMPLE, Not-A-Real-Donor-338",not-a-real-donor-338@example.invalid,"6120 Example St, Anytown WI 53200",555-0197,100,2026-03-03,SPRING26-MAIL,renewing,no,tickets
"SAMPLE, Not-A-Real-Donor-339",not-a-real-donor-339@example.invalid,"3795 Example St, Anytown WI 53208",555-0141,1000,2026-03-03,SPRING26-MAIL,renewing,yes,none
"SAMPLE, Not-A-Real-Donor-340",not-a-real-donor-340@example.invalid,"8738 Example St, Anytown WI 53201",555-0124,10,2026-03-03,SPRING26-PM,renewing,yes,tote
"SAMPLE, Not-A-Real-Donor-341",not-a-real-donor-341@example.invalid,"2862 Example St, Anytown WI 53205",555-0147,10,2026-03-05,SPRING26-MAIL,new,no,none
"SAMPLE, Not-A-Real-Donor-342",not-a-real-donor-342@example.invalid,"2699 Example St, Anytown WI 53206",555-0103,120,2026-03-06,SPRING26-PM,new,yes,mug
"SAMPLE, Not-A-Real-Donor-343",not-a-real-donor-343@example.invalid,"8954 Example St, Anytown WI 53200",555-0171,40,2026-03-06,SPRING26-PM,renewing,no,tote
"SAMPLE, Not-A-Real-Donor-344",not-a-real-donor-344@example.invalid,"2060 Example St, Anytown WI 53206",555-0177,10,2026-03-04,SPRING26-AM,new,yes,none
"SAMPLE, Not-A-Real-Donor-345",not-a-real-donor-345@example.invalid,"7932 Example St, Anytown WI 53200",555-0193,500,2026-03-05,SPRING26-WEB,lapsed-reactivated,no,tote
"SAMPLE, Not-A-Real-Donor-346",not-a-real-donor-346@example.invalid,"9189 Example St, Anytown WI 53206",555-0184,20,2026-03-02,SPRING26-AM,new,no,tickets
"SAMPLE, Not-A-Real-Donor-347",not-a-real-donor-347@example.invalid,"329 Example St, Anytown WI 53209",555-0199,20,2026-03-04,SPRING26-AM,new,yes,mug
"SAMPLE, Not-A-Real-Donor-348",not-a-real-donor-348@example.invalid,"8929 Example St, Anytown WI 53208",555-0114,10,2026-03-01,SPRING26-WEB,renewing,yes,mug
"SAMPLE, Not-A-Real-Donor-349",not-a-real-donor-349@example.invalid,"2966 Example St, Anytown WI 53207",555-0193,1000,2026-03-03,SPRING26-AM,renewing,no,none
"SAMPLE, Not-A-Real-Donor-350",not-a-real-donor-350@example.invalid,"6964 Example St, Anytown WI 53202",555-0128,100,2026-03-03,SPRING26-PM,lapsed-reactivated,yes,tote
"SAMPLE, Not-A-Real-Donor-351",not-a-real-donor-351@example.invalid,"9522 Example St, Anytown WI 53205",555-0162,15,2026-03-01,SPRING26-PM,renewing,yes,tickets
"SAMPLE, Not-A-Real-Donor-352",not-a-real-donor-352@example.invalid,"9601 Example St, Anytown WI 53208",555-0122,1000,2026-03-01,SPRING26-PM,lapsed-reactivated,yes,none
"SAMPLE, Not-A-Real-Donor-353",not-a-real-donor-353@example.invalid,"4391 Example St, Anytown WI 53208",555-0159,150,2026-03-03,SPRING26-MAIL,renewing,yes,none
"SAMPLE, Not-A-Real-Donor-354",not-a-real-donor-354@example.invalid,"680 Example St, Anytown WI 53200",555-0118,120,2026-03-07,SPRING26-WEB,renewing,yes,mug
"SAMPLE, Not-A-Real-Donor-355",not-a-real-donor-355@example.invalid,"499 Example St, Anytown WI 53208",555-0128,10,2026-03-03,SPRING26-AM,lapsed-reactivated,yes,mug
"SAMPLE, Not-A-Real-Donor-356",not-a-real-donor-356@example.invalid,"1910 Example St, Anytown WI 53203",555-0135,120,2026-03-04,SPRING26-WEB,renewing,yes,tote
"SAMPLE, Not-A-Real-Donor-357",not-a-real-donor-357@example.invalid,"3524 Example St, Anytown WI 53201",555-0165,20,2026-03-06,SPRING26-MAIL,lapsed-reactivated,yes,none
"SAMPLE, Not-A-Real-Donor-358",not-a-real-donor-358@example.invalid,"2986 Example St, Anytown WI 53203",555-0112,100,2026-03-02,SPRING26-PM,lapsed-reactivated,yes,mug
"SAMPLE, Not-A-Real-Donor-359",not-a-real-donor-359@example.invalid,"7112 Example St, Anytown WI 53204",555-0108,20,2026-03-03,SPRING26-AM,renewing,yes,tote
"SAMPLE, Not-A-Real-Donor-360",not-a-real-donor-360@example.invalid,"9128 Example St, Anytown WI 53209",555-0193,100,2026-03-07,SPRING26-AM,lapsed-reactivated,no,tote
"SAMPLE, Not-A-Real-Donor-361",not-a-real-donor-361@example.invalid,"8814 Example St, Anytown WI 53209",555-0159,40,2026-03-06,SPRING26-MAIL,renewing,yes,tickets
"SAMPLE, Not-A-Real-Donor-362",not-a-real-donor-362@example.invalid,"7165 Example St, Anytown WI 53200",555-0135,1000,2026-03-07,SPRING26-WEB,new,no,tickets
"SAMPLE, Not-A-Real-Donor-363",not-a-real-donor-363@example.invalid,"8842 Example St, Anytown WI 53202",555-0164,60,2026-03-05,SPRING26-PM,renewing,no,none
"SAMPLE, Not-A-Real-Donor-364",not-a-real-donor-364@example.invalid,"9377 Example St, Anytown WI 53205",555-0109,1000,2026-03-04,SPRING26-PM,new,no,none
"SAMPLE, Not-A-Real-Donor-365",not-a-real-donor-365@example.invalid,"7466 Example St, Anytown WI 53209",555-0182,120,2026-03-01,SPRING26-PM,renewing,no,tickets
"SAMPLE, Not-A-Real-Donor-366",not-a-real-donor-366@example.invalid,"9176 Example St, Anytown WI 53207",555-0169,120,2026-03-01,SPRING26-PM,renewing,yes,none
"SAMPLE, Not-A-Real-Donor-367",not-a-real-donor-367@example.invalid,"6268 Example St, Anytown WI 53207",555-0163,120,2026-03-05,SPRING26-PM,new,yes,none
"SAMPLE, Not-A-Real-Donor-368",not-a-real-donor-368@example.invalid,"6401 Example St, Anytown WI 53204",555-0154,75,2026-03-03,SPRING26-AM,renewing,no,tickets
"SAMPLE, Not-A-Real-Donor-369",not-a-real-donor-369@example.invalid,"2409 Example St, Anytown WI 53200",555-0143,75,2026-03-07,SPRING26-WEB,renewing,yes,none
"SAMPLE, Not-A-Real-Donor-370",not-a-real-donor-370@example.invalid,"310 Example St, Anytown WI 53202",555-0133,60,2026-03-01,SPRING26-MAIL,renewing,no,tickets
"SAMPLE, Not-A-Real-Donor-371",not-a-real-donor-371@example.invalid,"9254 Example St, Anytown WI 53201",555-0170,20,2026-03-07,SPRING26-MAIL,renewing,no,none
"SAMPLE, Not-A-Real-Donor-372",not-a-real-donor-372@example.invalid,"345 Example St, Anytown WI 53208",555-0108,15,2026-03-04,SPRING26-MAIL,renewing,yes,tote
"SAMPLE, Not-A-Real-Donor-373",not-a-real-donor-373@example.invalid,"4422 Example St, Anytown WI 53208",555-0194,50,2026-03-03,SPRING26-AM,new,yes,tickets
"SAMPLE, Not-A-Real-Donor-374",not-a-real-donor-374@example.invalid,"9922 Example St, Anytown WI 53204",555-0130,50,2026-03-07,SPRING26-MAIL,new,no,tickets
"SAMPLE, Not-A-Real-Donor-375",not-a-real-donor-375@example.invalid,"9690 Example St, Anytown WI 53209",555-0189,40,2026-03-06,SPRING26-AM,new,no,tickets
"SAMPLE, Not-A-Real-Donor-376",not-a-real-donor-376@example.invalid,"3090 Example St, Anytown WI 53205",555-0138,120,2026-03-03,SPRING26-WEB,lapsed-reactivated,yes,none
"SAMPLE, Not-A-Real-Donor-377",not-a-real-donor-377@example.invalid,"1172 Example St, Anytown WI 53207",555-0104,250,2026-03-03,SPRING26-AM,renewing,no,tote
"SAMPLE, Not-A-Real-Donor-378",not-a-real-donor-378@example.invalid,"3135 Example St, Anytown WI 53201",555-0157,75,2026-03-05,SPRING26-MAIL,renewing,yes,none
"SAMPLE, Not-A-Real-Donor-379",not-a-real-donor-379@example.invalid,"3658 Example St, Anytown WI 53204",555-0192,10,2026-03-05,SPRING26-AM,renewing,no,tote
"SAMPLE, Not-A-Real-Donor-380",not-a-real-donor-380@example.invalid,"5063 Example St, Anytown WI 53206",555-0159,250,2026-03-05,SPRING26-AM,lapsed-reactivated,no,mug
"SAMPLE, Not-A-Real-Donor-381",not-a-real-donor-381@example.invalid,"7599 Example St, Anytown WI 53203",555-0155,150,2026-03-07,SPRING26-AM,renewing,no,tote
"SAMPLE, Not-A-Real-Donor-382",not-a-real-donor-382@example.invalid,"3642 Example St, Anytown WI 53203",555-0169,120,2026-03-05,SPRING26-AM,renewing,no,tickets
"SAMPLE, Not-A-Real-Donor-383",not-a-real-donor-383@example.invalid,"1430 Example St, Anytown WI 53206",555-0179,75,2026-03-03,SPRING26-MAIL,new,no,none
"SAMPLE, Not-A-Real-Donor-384",not-a-real-donor-384@example.invalid,"1184 Example St, Anytown WI 53204",555-0123,100,2026-03-03,SPRING26-MAIL,renewing,yes,none
"SAMPLE, Not-A-Real-Donor-385",not-a-real-donor-385@example.invalid,"9381 Example St, Anytown WI 53201",555-0178,250,2026-03-01,SPRING26-PM,renewing,yes,none
"SAMPLE, Not-A-Real-Donor-386",not-a-real-donor-386@example.invalid,"7262 Example St, Anytown WI 53205",555-0166,500,2026-03-06,SPRING26-AM,lapsed-reactivated,yes,none
"SAMPLE, Not-A-Real-Donor-387",not-a-real-donor-387@example.invalid,"1100 Example St, Anytown WI 53204",555-0195,250,2026-03-03,SPRING26-WEB,renewing,no,tickets
"SAMPLE, Not-A-Real-Donor-388",not-a-real-donor-388@example.invalid,"8772 Example St, Anytown WI 53202",555-0181,1000,2026-03-07,SPRING26-AM,renewing,no,none
"SAMPLE, Not-A-Real-Donor-389",not-a-real-donor-389@example.invalid,"3628 Example St, Anytown WI 53200",555-0197,100,2026-03-02,SPRING26-MAIL,renewing,yes,none
"SAMPLE, Not-A-Real-Donor-390",not-a-real-donor-390@example.invalid,"5149 Example St, Anytown WI 53203",555-0140,10,2026-03-04,SPRING26-MAIL,lapsed-reactivated,no,none
"SAMPLE, Not-A-Real-Donor-391",not-a-real-donor-391@example.invalid,"1291 Example St, Anytown WI 53203",555-0152,150,2026-03-04,SPRING26-PM,renewing,no,none
"SAMPLE, Not-A-Real-Donor-392",not-a-real-donor-392@example.invalid,"3262 Example St, Anytown WI 53200",555-0124,60,2026-03-02,SPRING26-MAIL,renewing,no,none
"SAMPLE, Not-A-Real-Donor-393",not-a-real-donor-393@example.invalid,"4681 Example St, Anytown WI 53207",555-0109,75,2026-03-07,SPRING26-WEB,renewing,no,none
"SAMPLE, Not-A-Real-Donor-394",not-a-real-donor-394@example.invalid,"7226 Example St, Anytown WI 53205",555-0139,120,2026-03-01,SPRING26-MAIL,lapsed-reactivated,yes,none
"SAMPLE, Not-A-Real-Donor-395",not-a-real-donor-395@example.invalid,"9567 Example St, Anytown WI 53208",555-0111,50,2026-03-03,SPRING26-AM,lapsed-reactivated,yes,none
"SAMPLE, Not-A-Real-Donor-396",not-a-real-donor-396@example.invalid,"4794 Example St, Anytown WI 53204",555-0154,500,2026-03-06,SPRING26-WEB,new,no,none
"SAMPLE, Not-A-Real-Donor-397",not-a-real-donor-397@example.invalid,"5387 Example St, Anytown WI 53205",555-0196,500,2026-03-06,SPRING26-WEB,renewing,no,mug
"SAMPLE, Not-A-Real-Donor-398",not-a-real-donor-398@example.invalid,"589 Example St, Anytown WI 53207",555-0155,150,2026-03-07,SPRING26-MAIL,renewing,no,tote
"SAMPLE, Not-A-Real-Donor-399",not-a-real-donor-399@example.invalid,"3952 Example St, Anytown WI 53200",555-0189,500,2026-03-07,SPRING26-AM,renewing,no,tickets
"SAMPLE, Not-A-Real-Donor-400",not-a-real-donor-400@example.invalid,"8803 Example St, Anytown WI 53208",555-0100,150,2026-03-06,SPRING26-PM,renewing,no,tickets
"SAMPLE, Not-A-Real-Donor-401",not-a-real-donor-401@example.invalid,"374 Example St, Anytown WI 53209",555-0153,40,2026-03-01,SPRING26-MAIL,new,no,none
"SAMPLE, Not-A-Real-Donor-402",not-a-real-donor-402@example.invalid,"3982 Example St, Anytown WI 53201",555-0193,150,2026-03-05,SPRING26-AM,renewing,no,tickets
"SAMPLE, Not-A-Real-Donor-403",not-a-real-donor-403@example.invalid,"5176 Example St, Anytown WI 53208",555-0174,10,2026-03-05,SPRING26-WEB,renewing,yes,tote
"SAMPLE, Not-A-Real-Donor-404",not-a-real-donor-404@example.invalid,"5414 Example St, Anytown WI 53206",555-0130,150,2026-03-01,SPRING26-AM,renewing,no,none
"SAMPLE, Not-A-Real-Donor-405",not-a-real-donor-405@example.invalid,"4062 Example St, Anytown WI 53202",555-0157,1000,2026-03-03,SPRING26-WEB,renewing,no,none
"SAMPLE, Not-A-Real-Donor-406",not-a-real-donor-406@example.invalid,"5947 Example St, Anytown WI 53209",555-0137,150,2026-03-01,SPRING26-WEB,new,no,tote
"SAMPLE, Not-A-Real-Donor-407",not-a-real-donor-407@example.invalid,"387 Example St, Anytown WI 53203",555-0132,50,2026-03-06,SPRING26-AM,renewing,no,tickets
"SAMPLE, Not-A-Real-Donor-408",not-a-real-donor-408@example.invalid,"6660 Example St, Anytown WI 53200",555-0127,50,2026-03-05,SPRING26-AM,new,yes,mug
"SAMPLE, Not-A-Real-Donor-409",not-a-real-donor-409@example.invalid,"9451 Example St, Anytown WI 53200",555-0123,75,2026-03-04,SPRING26-WEB,renewing,no,tickets
"SAMPLE, Not-A-Real-Donor-410",not-a-real-donor-410@example.invalid,"9822 Example St, Anytown WI 53202",555-0111,120,2026-03-02,SPRING26-AM,renewing,no,mug
"SAMPLE, Not-A-Real-Donor-411",not-a-real-donor-411@example.invalid,"2365 Example St, Anytown WI 53206",555-0151,60,2026-03-04,SPRING26-PM,renewing,no,mug
"SAMPLE, Not-A-Real-Donor-412",not-a-real-donor-412@example.invalid,"5717 Example St, Anytown WI 53201",555-0149,40,2026-03-02,SPRING26-WEB,renewing,yes,mug
"SAMPLE, Not-A-Real-Donor-413",not-a-real-donor-413@example.invalid,"8431 Example St, Anytown WI 53200",555-0154,1000,2026-03-06,SPRING26-AM,lapsed-reactivated,yes,tote
"SAMPLE, Not-A-Real-Donor-414",not-a-real-donor-414@example.invalid,"3628 Example St, Anytown WI 53205",555-0165,25,2026-03-06,SPRING26-WEB,renewing,no,tote
"SAMPLE, Not-A-Real-Donor-415",not-a-real-donor-415@example.invalid,"6090 Example St, Anytown WI 53201",555-0135,120,2026-03-06,SPRING26-MAIL,renewing,yes,tote
"SAMPLE, Not-A-Real-Donor-416",not-a-real-donor-416@example.invalid,"3330 Example St, Anytown WI 53200",555-0152,1000,2026-03-03,SPRING26-MAIL,renewing,yes,none
"SAMPLE, Not-A-Real-Donor-417",not-a-real-donor-417@example.invalid,"6942 Example St, Anytown WI 53209",555-0130,500,2026-03-01,SPRING26-WEB,new,no,none
"SAMPLE, Not-A-Real-Donor-418",not-a-real-donor-418@example.invalid,"633 Example St, Anytown WI 53209",555-0189,120,2026-03-05,SPRING26-PM,lapsed-reactivated,yes,tickets
"SAMPLE, Not-A-Real-Donor-419",not-a-real-donor-419@example.invalid,"152 Example St, Anytown WI 53208",555-0107,20,2026-03-02,SPRING26-AM,renewing,no,mug
"SAMPLE, Not-A-Real-Donor-420",not-a-real-donor-420@example.invalid,"7875 Example St, Anytown WI 53201",555-0144,150,2026-03-03,SPRING26-WEB,renewing,no,none
